"año_mes","rubro","Cantidad"
2007-01-01,"Combustibles-Producción",10
2007-01-01,"Litio",2
2007-01-01,"Metalíferos",47
2007-01-01,"Minerales no clasificados previamente",183
2007-01-01,"No metaliferos",82
2007-01-01,"Rocas de aplicación",311
2007-01-01,"Servicios mineros y actividades relacionadas",225
2007-02-01,"Combustibles-Producción",10
2007-02-01,"Litio",2
2007-02-01,"Metalíferos",46
2007-02-01,"Minerales no clasificados previamente",189
2007-02-01,"No metaliferos",82
2007-02-01,"Rocas de aplicación",315
2007-02-01,"Servicios mineros y actividades relacionadas",229
2007-03-01,"Combustibles-Producción",10
2007-03-01,"Litio",2
2007-03-01,"Metalíferos",46
2007-03-01,"Minerales no clasificados previamente",191
2007-03-01,"No metaliferos",82
2007-03-01,"Rocas de aplicación",315
2007-03-01,"Servicios mineros y actividades relacionadas",231
2007-04-01,"Combustibles-Producción",11
2007-04-01,"Litio",2
2007-04-01,"Metalíferos",46
2007-04-01,"Minerales no clasificados previamente",191
2007-04-01,"No metaliferos",82
2007-04-01,"Rocas de aplicación",319
2007-04-01,"Servicios mineros y actividades relacionadas",230
2007-05-01,"Combustibles-Producción",11
2007-05-01,"Litio",2
2007-05-01,"Metalíferos",46
2007-05-01,"Minerales no clasificados previamente",191
2007-05-01,"No metaliferos",83
2007-05-01,"Rocas de aplicación",325
2007-05-01,"Servicios mineros y actividades relacionadas",232
2007-06-01,"Combustibles-Producción",11
2007-06-01,"Litio",2
2007-06-01,"Metalíferos",46
2007-06-01,"Minerales no clasificados previamente",195
2007-06-01,"No metaliferos",83
2007-06-01,"Rocas de aplicación",331
2007-06-01,"Servicios mineros y actividades relacionadas",233
2007-07-01,"Combustibles-Producción",11
2007-07-01,"Litio",2
2007-07-01,"Metalíferos",46
2007-07-01,"Minerales no clasificados previamente",198
2007-07-01,"No metaliferos",84
2007-07-01,"Rocas de aplicación",335
2007-07-01,"Servicios mineros y actividades relacionadas",233
2007-08-01,"Combustibles-Producción",11
2007-08-01,"Litio",2
2007-08-01,"Metalíferos",46
2007-08-01,"Minerales no clasificados previamente",198
2007-08-01,"No metaliferos",84
2007-08-01,"Rocas de aplicación",337
2007-08-01,"Servicios mineros y actividades relacionadas",231
2007-09-01,"Combustibles-Producción",12
2007-09-01,"Litio",2
2007-09-01,"Metalíferos",47
2007-09-01,"Minerales no clasificados previamente",198
2007-09-01,"No metaliferos",83
2007-09-01,"Rocas de aplicación",340
2007-09-01,"Servicios mineros y actividades relacionadas",236
2007-10-01,"Combustibles-Producción",11
2007-10-01,"Litio",2
2007-10-01,"Metalíferos",48
2007-10-01,"Minerales no clasificados previamente",196
2007-10-01,"No metaliferos",85
2007-10-01,"Rocas de aplicación",342
2007-10-01,"Servicios mineros y actividades relacionadas",240
2007-11-01,"Combustibles-Producción",11
2007-11-01,"Litio",2
2007-11-01,"Metalíferos",48
2007-11-01,"Minerales no clasificados previamente",199
2007-11-01,"No metaliferos",86
2007-11-01,"Rocas de aplicación",350
2007-11-01,"Servicios mineros y actividades relacionadas",259
2007-12-01,"Combustibles-Producción",11
2007-12-01,"Litio",2
2007-12-01,"Metalíferos",48
2007-12-01,"Minerales no clasificados previamente",202
2007-12-01,"No metaliferos",84
2007-12-01,"Rocas de aplicación",349
2007-12-01,"Servicios mineros y actividades relacionadas",260
2008-01-01,"Combustibles-Producción",11
2008-01-01,"Litio",2
2008-01-01,"Metalíferos",49
2008-01-01,"Minerales no clasificados previamente",194
2008-01-01,"No metaliferos",85
2008-01-01,"Rocas de aplicación",348
2008-01-01,"Servicios mineros y actividades relacionadas",234
2008-02-01,"Combustibles-Producción",11
2008-02-01,"Litio",2
2008-02-01,"Metalíferos",47
2008-02-01,"Minerales no clasificados previamente",198
2008-02-01,"No metaliferos",85
2008-02-01,"Rocas de aplicación",352
2008-02-01,"Servicios mineros y actividades relacionadas",242
2008-03-01,"Combustibles-Producción",11
2008-03-01,"Litio",2
2008-03-01,"Metalíferos",48
2008-03-01,"Minerales no clasificados previamente",200
2008-03-01,"No metaliferos",85
2008-03-01,"Rocas de aplicación",354
2008-03-01,"Servicios mineros y actividades relacionadas",242
2008-04-01,"Combustibles-Producción",11
2008-04-01,"Litio",2
2008-04-01,"Metalíferos",49
2008-04-01,"Minerales no clasificados previamente",202
2008-04-01,"No metaliferos",87
2008-04-01,"Rocas de aplicación",352
2008-04-01,"Servicios mineros y actividades relacionadas",244
2008-05-01,"Combustibles-Producción",11
2008-05-01,"Litio",3
2008-05-01,"Metalíferos",48
2008-05-01,"Minerales no clasificados previamente",206
2008-05-01,"No metaliferos",88
2008-05-01,"Rocas de aplicación",356
2008-05-01,"Servicios mineros y actividades relacionadas",249
2008-06-01,"Combustibles-Producción",11
2008-06-01,"Litio",3
2008-06-01,"Metalíferos",48
2008-06-01,"Minerales no clasificados previamente",205
2008-06-01,"No metaliferos",87
2008-06-01,"Rocas de aplicación",354
2008-06-01,"Servicios mineros y actividades relacionadas",248
2008-07-01,"Combustibles-Producción",11
2008-07-01,"Litio",3
2008-07-01,"Metalíferos",49
2008-07-01,"Minerales no clasificados previamente",205
2008-07-01,"No metaliferos",87
2008-07-01,"Rocas de aplicación",350
2008-07-01,"Servicios mineros y actividades relacionadas",248
2008-08-01,"Combustibles-Producción",14
2008-08-01,"Litio",3
2008-08-01,"Metalíferos",50
2008-08-01,"Minerales no clasificados previamente",208
2008-08-01,"No metaliferos",87
2008-08-01,"Rocas de aplicación",352
2008-08-01,"Servicios mineros y actividades relacionadas",253
2008-09-01,"Combustibles-Producción",16
2008-09-01,"Litio",3
2008-09-01,"Metalíferos",50
2008-09-01,"Minerales no clasificados previamente",211
2008-09-01,"No metaliferos",87
2008-09-01,"Rocas de aplicación",355
2008-09-01,"Servicios mineros y actividades relacionadas",259
2008-10-01,"Combustibles-Producción",16
2008-10-01,"Litio",3
2008-10-01,"Metalíferos",51
2008-10-01,"Minerales no clasificados previamente",215
2008-10-01,"No metaliferos",89
2008-10-01,"Rocas de aplicación",363
2008-10-01,"Servicios mineros y actividades relacionadas",257
2008-11-01,"Combustibles-Producción",18
2008-11-01,"Litio",3
2008-11-01,"Metalíferos",52
2008-11-01,"Minerales no clasificados previamente",217
2008-11-01,"No metaliferos",90
2008-11-01,"Rocas de aplicación",367
2008-11-01,"Servicios mineros y actividades relacionadas",270
2008-12-01,"Combustibles-Producción",18
2008-12-01,"Litio",2
2008-12-01,"Metalíferos",52
2008-12-01,"Minerales no clasificados previamente",215
2008-12-01,"No metaliferos",88
2008-12-01,"Rocas de aplicación",362
2008-12-01,"Servicios mineros y actividades relacionadas",272
2009-01-01,"Combustibles-Producción",18
2009-01-01,"Litio",3
2009-01-01,"Metalíferos",51
2009-01-01,"Minerales no clasificados previamente",213
2009-01-01,"No metaliferos",86
2009-01-01,"Rocas de aplicación",363
2009-01-01,"Servicios mineros y actividades relacionadas",247
2009-02-01,"Combustibles-Producción",22
2009-02-01,"Litio",3
2009-02-01,"Metalíferos",49
2009-02-01,"Minerales no clasificados previamente",215
2009-02-01,"No metaliferos",87
2009-02-01,"Rocas de aplicación",366
2009-02-01,"Servicios mineros y actividades relacionadas",254
2009-03-01,"Combustibles-Producción",23
2009-03-01,"Litio",3
2009-03-01,"Metalíferos",48
2009-03-01,"Minerales no clasificados previamente",219
2009-03-01,"No metaliferos",86
2009-03-01,"Rocas de aplicación",361
2009-03-01,"Servicios mineros y actividades relacionadas",245
2009-04-01,"Combustibles-Producción",29
2009-04-01,"Litio",3
2009-04-01,"Metalíferos",45
2009-04-01,"Minerales no clasificados previamente",219
2009-04-01,"No metaliferos",86
2009-04-01,"Rocas de aplicación",358
2009-04-01,"Servicios mineros y actividades relacionadas",251
2009-05-01,"Combustibles-Producción",30
2009-05-01,"Litio",3
2009-05-01,"Metalíferos",45
2009-05-01,"Minerales no clasificados previamente",213
2009-05-01,"No metaliferos",87
2009-05-01,"Rocas de aplicación",358
2009-05-01,"Servicios mineros y actividades relacionadas",247
2009-06-01,"Combustibles-Producción",31
2009-06-01,"Litio",4
2009-06-01,"Metalíferos",46
2009-06-01,"Minerales no clasificados previamente",220
2009-06-01,"No metaliferos",87
2009-06-01,"Rocas de aplicación",362
2009-06-01,"Servicios mineros y actividades relacionadas",263
2009-07-01,"Combustibles-Producción",31
2009-07-01,"Litio",4
2009-07-01,"Metalíferos",44
2009-07-01,"Minerales no clasificados previamente",217
2009-07-01,"No metaliferos",86
2009-07-01,"Rocas de aplicación",350
2009-07-01,"Servicios mineros y actividades relacionadas",248
2009-08-01,"Combustibles-Producción",33
2009-08-01,"Litio",5
2009-08-01,"Metalíferos",45
2009-08-01,"Minerales no clasificados previamente",217
2009-08-01,"No metaliferos",86
2009-08-01,"Rocas de aplicación",346
2009-08-01,"Servicios mineros y actividades relacionadas",245
2009-09-01,"Combustibles-Producción",33
2009-09-01,"Litio",5
2009-09-01,"Metalíferos",43
2009-09-01,"Minerales no clasificados previamente",219
2009-09-01,"No metaliferos",86
2009-09-01,"Rocas de aplicación",353
2009-09-01,"Servicios mineros y actividades relacionadas",253
2009-10-01,"Combustibles-Producción",33
2009-10-01,"Litio",5
2009-10-01,"Metalíferos",43
2009-10-01,"Minerales no clasificados previamente",224
2009-10-01,"No metaliferos",87
2009-10-01,"Rocas de aplicación",368
2009-10-01,"Servicios mineros y actividades relacionadas",291
2009-11-01,"Combustibles-Producción",25
2009-11-01,"Litio",4
2009-11-01,"Metalíferos",42
2009-11-01,"Minerales no clasificados previamente",212
2009-11-01,"No metaliferos",85
2009-11-01,"Rocas de aplicación",355
2009-11-01,"Servicios mineros y actividades relacionadas",268
2009-12-01,"Combustibles-Producción",26
2009-12-01,"Litio",5
2009-12-01,"Metalíferos",42
2009-12-01,"Minerales no clasificados previamente",216
2009-12-01,"No metaliferos",88
2009-12-01,"Rocas de aplicación",359
2009-12-01,"Servicios mineros y actividades relacionadas",265
2010-01-01,"Combustibles-Producción",25
2010-01-01,"Litio",5
2010-01-01,"Metalíferos",45
2010-01-01,"Minerales no clasificados previamente",216
2010-01-01,"No metaliferos",89
2010-01-01,"Rocas de aplicación",360
2010-01-01,"Servicios mineros y actividades relacionadas",253
2010-02-01,"Combustibles-Producción",25
2010-02-01,"Litio",5
2010-02-01,"Metalíferos",45
2010-02-01,"Minerales no clasificados previamente",218
2010-02-01,"No metaliferos",89
2010-02-01,"Rocas de aplicación",359
2010-02-01,"Servicios mineros y actividades relacionadas",263
2010-03-01,"Combustibles-Producción",25
2010-03-01,"Litio",5
2010-03-01,"Metalíferos",45
2010-03-01,"Minerales no clasificados previamente",218
2010-03-01,"No metaliferos",90
2010-03-01,"Rocas de aplicación",357
2010-03-01,"Servicios mineros y actividades relacionadas",266
2010-04-01,"Combustibles-Producción",25
2010-04-01,"Litio",6
2010-04-01,"Metalíferos",45
2010-04-01,"Minerales no clasificados previamente",220
2010-04-01,"No metaliferos",90
2010-04-01,"Rocas de aplicación",355
2010-04-01,"Servicios mineros y actividades relacionadas",264
2010-05-01,"Combustibles-Producción",25
2010-05-01,"Litio",6
2010-05-01,"Metalíferos",45
2010-05-01,"Minerales no clasificados previamente",220
2010-05-01,"No metaliferos",91
2010-05-01,"Rocas de aplicación",355
2010-05-01,"Servicios mineros y actividades relacionadas",269
2010-06-01,"Combustibles-Producción",25
2010-06-01,"Litio",6
2010-06-01,"Metalíferos",49
2010-06-01,"Minerales no clasificados previamente",222
2010-06-01,"No metaliferos",92
2010-06-01,"Rocas de aplicación",358
2010-06-01,"Servicios mineros y actividades relacionadas",266
2010-07-01,"Combustibles-Producción",24
2010-07-01,"Litio",6
2010-07-01,"Metalíferos",49
2010-07-01,"Minerales no clasificados previamente",223
2010-07-01,"No metaliferos",92
2010-07-01,"Rocas de aplicación",356
2010-07-01,"Servicios mineros y actividades relacionadas",268
2010-08-01,"Combustibles-Producción",24
2010-08-01,"Litio",6
2010-08-01,"Metalíferos",49
2010-08-01,"Minerales no clasificados previamente",221
2010-08-01,"No metaliferos",91
2010-08-01,"Rocas de aplicación",355
2010-08-01,"Servicios mineros y actividades relacionadas",268
2010-09-01,"Combustibles-Producción",24
2010-09-01,"Litio",6
2010-09-01,"Metalíferos",50
2010-09-01,"Minerales no clasificados previamente",222
2010-09-01,"No metaliferos",91
2010-09-01,"Rocas de aplicación",360
2010-09-01,"Servicios mineros y actividades relacionadas",267
2010-10-01,"Combustibles-Producción",24
2010-10-01,"Litio",6
2010-10-01,"Metalíferos",50
2010-10-01,"Minerales no clasificados previamente",221
2010-10-01,"No metaliferos",91
2010-10-01,"Rocas de aplicación",359
2010-10-01,"Servicios mineros y actividades relacionadas",268
2010-11-01,"Combustibles-Producción",26
2010-11-01,"Litio",7
2010-11-01,"Metalíferos",51
2010-11-01,"Minerales no clasificados previamente",225
2010-11-01,"No metaliferos",92
2010-11-01,"Rocas de aplicación",366
2010-11-01,"Servicios mineros y actividades relacionadas",291
2010-12-01,"Combustibles-Producción",24
2010-12-01,"Litio",8
2010-12-01,"Metalíferos",52
2010-12-01,"Minerales no clasificados previamente",221
2010-12-01,"No metaliferos",92
2010-12-01,"Rocas de aplicación",367
2010-12-01,"Servicios mineros y actividades relacionadas",290
2011-01-01,"Combustibles-Producción",24
2011-01-01,"Litio",8
2011-01-01,"Metalíferos",51
2011-01-01,"Minerales no clasificados previamente",218
2011-01-01,"No metaliferos",94
2011-01-01,"Rocas de aplicación",362
2011-01-01,"Servicios mineros y actividades relacionadas",273
2011-02-01,"Combustibles-Producción",24
2011-02-01,"Litio",8
2011-02-01,"Metalíferos",51
2011-02-01,"Minerales no clasificados previamente",216
2011-02-01,"No metaliferos",93
2011-02-01,"Rocas de aplicación",362
2011-02-01,"Servicios mineros y actividades relacionadas",270
2011-03-01,"Combustibles-Producción",24
2011-03-01,"Litio",8
2011-03-01,"Metalíferos",53
2011-03-01,"Minerales no clasificados previamente",216
2011-03-01,"No metaliferos",93
2011-03-01,"Rocas de aplicación",363
2011-03-01,"Servicios mineros y actividades relacionadas",269
2011-04-01,"Combustibles-Producción",21
2011-04-01,"Litio",8
2011-04-01,"Metalíferos",53
2011-04-01,"Minerales no clasificados previamente",217
2011-04-01,"No metaliferos",93
2011-04-01,"Rocas de aplicación",363
2011-04-01,"Servicios mineros y actividades relacionadas",274
2011-05-01,"Combustibles-Producción",19
2011-05-01,"Litio",8
2011-05-01,"Metalíferos",55
2011-05-01,"Minerales no clasificados previamente",217
2011-05-01,"No metaliferos",94
2011-05-01,"Rocas de aplicación",366
2011-05-01,"Servicios mineros y actividades relacionadas",273
2011-06-01,"Combustibles-Producción",19
2011-06-01,"Litio",8
2011-06-01,"Metalíferos",56
2011-06-01,"Minerales no clasificados previamente",217
2011-06-01,"No metaliferos",95
2011-06-01,"Rocas de aplicación",366
2011-06-01,"Servicios mineros y actividades relacionadas",278
2011-07-01,"Combustibles-Producción",19
2011-07-01,"Litio",8
2011-07-01,"Metalíferos",56
2011-07-01,"Minerales no clasificados previamente",216
2011-07-01,"No metaliferos",94
2011-07-01,"Rocas de aplicación",369
2011-07-01,"Servicios mineros y actividades relacionadas",281
2011-08-01,"Combustibles-Producción",19
2011-08-01,"Litio",8
2011-08-01,"Metalíferos",57
2011-08-01,"Minerales no clasificados previamente",218
2011-08-01,"No metaliferos",94
2011-08-01,"Rocas de aplicación",370
2011-08-01,"Servicios mineros y actividades relacionadas",286
2011-09-01,"Combustibles-Producción",19
2011-09-01,"Litio",8
2011-09-01,"Metalíferos",59
2011-09-01,"Minerales no clasificados previamente",215
2011-09-01,"No metaliferos",93
2011-09-01,"Rocas de aplicación",372
2011-09-01,"Servicios mineros y actividades relacionadas",286
2011-10-01,"Combustibles-Producción",16
2011-10-01,"Litio",8
2011-10-01,"Metalíferos",60
2011-10-01,"Minerales no clasificados previamente",218
2011-10-01,"No metaliferos",91
2011-10-01,"Rocas de aplicación",374
2011-10-01,"Servicios mineros y actividades relacionadas",288
2011-11-01,"Combustibles-Producción",9
2011-11-01,"Litio",8
2011-11-01,"Metalíferos",62
2011-11-01,"Minerales no clasificados previamente",219
2011-11-01,"No metaliferos",91
2011-11-01,"Rocas de aplicación",376
2011-11-01,"Servicios mineros y actividades relacionadas",292
2011-12-01,"Combustibles-Producción",9
2011-12-01,"Litio",8
2011-12-01,"Metalíferos",61
2011-12-01,"Minerales no clasificados previamente",221
2011-12-01,"No metaliferos",93
2011-12-01,"Rocas de aplicación",373
2011-12-01,"Servicios mineros y actividades relacionadas",292
2012-01-01,"Combustibles-Producción",9
2012-01-01,"Litio",8
2012-01-01,"Metalíferos",59
2012-01-01,"Minerales no clasificados previamente",219
2012-01-01,"No metaliferos",95
2012-01-01,"Rocas de aplicación",367
2012-01-01,"Servicios mineros y actividades relacionadas",284
2012-02-01,"Combustibles-Producción",9
2012-02-01,"Litio",8
2012-02-01,"Metalíferos",59
2012-02-01,"Minerales no clasificados previamente",216
2012-02-01,"No metaliferos",95
2012-02-01,"Rocas de aplicación",368
2012-02-01,"Servicios mineros y actividades relacionadas",279
2012-03-01,"Combustibles-Producción",9
2012-03-01,"Litio",8
2012-03-01,"Metalíferos",59
2012-03-01,"Minerales no clasificados previamente",216
2012-03-01,"No metaliferos",96
2012-03-01,"Rocas de aplicación",367
2012-03-01,"Servicios mineros y actividades relacionadas",292
2012-04-01,"Combustibles-Producción",9
2012-04-01,"Litio",8
2012-04-01,"Metalíferos",60
2012-04-01,"Minerales no clasificados previamente",217
2012-04-01,"No metaliferos",96
2012-04-01,"Rocas de aplicación",364
2012-04-01,"Servicios mineros y actividades relacionadas",282
2012-05-01,"Combustibles-Producción",8
2012-05-01,"Litio",8
2012-05-01,"Metalíferos",59
2012-05-01,"Minerales no clasificados previamente",219
2012-05-01,"No metaliferos",96
2012-05-01,"Rocas de aplicación",363
2012-05-01,"Servicios mineros y actividades relacionadas",284
2012-06-01,"Combustibles-Producción",8
2012-06-01,"Litio",8
2012-06-01,"Metalíferos",59
2012-06-01,"Minerales no clasificados previamente",218
2012-06-01,"No metaliferos",96
2012-06-01,"Rocas de aplicación",369
2012-06-01,"Servicios mineros y actividades relacionadas",284
2012-07-01,"Combustibles-Producción",7
2012-07-01,"Litio",9
2012-07-01,"Metalíferos",59
2012-07-01,"Minerales no clasificados previamente",221
2012-07-01,"No metaliferos",97
2012-07-01,"Rocas de aplicación",366
2012-07-01,"Servicios mineros y actividades relacionadas",286
2012-08-01,"Combustibles-Producción",7
2012-08-01,"Litio",9
2012-08-01,"Metalíferos",58
2012-08-01,"Minerales no clasificados previamente",217
2012-08-01,"No metaliferos",99
2012-08-01,"Rocas de aplicación",365
2012-08-01,"Servicios mineros y actividades relacionadas",294
2012-09-01,"Combustibles-Producción",6
2012-09-01,"Litio",9
2012-09-01,"Metalíferos",58
2012-09-01,"Minerales no clasificados previamente",212
2012-09-01,"No metaliferos",100
2012-09-01,"Rocas de aplicación",362
2012-09-01,"Servicios mineros y actividades relacionadas",286
2012-10-01,"Combustibles-Producción",7
2012-10-01,"Litio",9
2012-10-01,"Metalíferos",57
2012-10-01,"Minerales no clasificados previamente",214
2012-10-01,"No metaliferos",100
2012-10-01,"Rocas de aplicación",362
2012-10-01,"Servicios mineros y actividades relacionadas",293
2012-11-01,"Combustibles-Producción",7
2012-11-01,"Litio",9
2012-11-01,"Metalíferos",57
2012-11-01,"Minerales no clasificados previamente",219
2012-11-01,"No metaliferos",100
2012-11-01,"Rocas de aplicación",363
2012-11-01,"Servicios mineros y actividades relacionadas",300
2012-12-01,"Combustibles-Producción",7
2012-12-01,"Litio",9
2012-12-01,"Metalíferos",57
2012-12-01,"Minerales no clasificados previamente",228
2012-12-01,"No metaliferos",100
2012-12-01,"Rocas de aplicación",374
2012-12-01,"Servicios mineros y actividades relacionadas",330
2013-01-01,"Combustibles-Producción",7
2013-01-01,"Litio",9
2013-01-01,"Metalíferos",54
2013-01-01,"Minerales no clasificados previamente",215
2013-01-01,"No metaliferos",95
2013-01-01,"Rocas de aplicación",356
2013-01-01,"Servicios mineros y actividades relacionadas",298
2013-02-01,"Combustibles-Producción",7
2013-02-01,"Litio",9
2013-02-01,"Metalíferos",55
2013-02-01,"Minerales no clasificados previamente",216
2013-02-01,"No metaliferos",98
2013-02-01,"Rocas de aplicación",364
2013-02-01,"Servicios mineros y actividades relacionadas",295
2013-03-01,"Combustibles-Producción",7
2013-03-01,"Litio",9
2013-03-01,"Metalíferos",55
2013-03-01,"Minerales no clasificados previamente",218
2013-03-01,"No metaliferos",98
2013-03-01,"Rocas de aplicación",372
2013-03-01,"Servicios mineros y actividades relacionadas",302
2013-04-01,"Combustibles-Producción",7
2013-04-01,"Litio",9
2013-04-01,"Metalíferos",55
2013-04-01,"Minerales no clasificados previamente",219
2013-04-01,"No metaliferos",97
2013-04-01,"Rocas de aplicación",371
2013-04-01,"Servicios mineros y actividades relacionadas",303
2013-05-01,"Combustibles-Producción",8
2013-05-01,"Litio",9
2013-05-01,"Metalíferos",55
2013-05-01,"Minerales no clasificados previamente",217
2013-05-01,"No metaliferos",95
2013-05-01,"Rocas de aplicación",372
2013-05-01,"Servicios mineros y actividades relacionadas",301
2013-06-01,"Combustibles-Producción",8
2013-06-01,"Litio",9
2013-06-01,"Metalíferos",54
2013-06-01,"Minerales no clasificados previamente",219
2013-06-01,"No metaliferos",96
2013-06-01,"Rocas de aplicación",371
2013-06-01,"Servicios mineros y actividades relacionadas",305
2013-07-01,"Combustibles-Producción",7
2013-07-01,"Litio",9
2013-07-01,"Metalíferos",54
2013-07-01,"Minerales no clasificados previamente",218
2013-07-01,"No metaliferos",97
2013-07-01,"Rocas de aplicación",369
2013-07-01,"Servicios mineros y actividades relacionadas",294
2013-08-01,"Combustibles-Producción",7
2013-08-01,"Litio",9
2013-08-01,"Metalíferos",53
2013-08-01,"Minerales no clasificados previamente",218
2013-08-01,"No metaliferos",96
2013-08-01,"Rocas de aplicación",372
2013-08-01,"Servicios mineros y actividades relacionadas",297
2013-09-01,"Combustibles-Producción",7
2013-09-01,"Litio",9
2013-09-01,"Metalíferos",52
2013-09-01,"Minerales no clasificados previamente",217
2013-09-01,"No metaliferos",96
2013-09-01,"Rocas de aplicación",374
2013-09-01,"Servicios mineros y actividades relacionadas",301
2013-10-01,"Combustibles-Producción",7
2013-10-01,"Litio",9
2013-10-01,"Metalíferos",52
2013-10-01,"Minerales no clasificados previamente",215
2013-10-01,"No metaliferos",95
2013-10-01,"Rocas de aplicación",369
2013-10-01,"Servicios mineros y actividades relacionadas",293
2013-11-01,"Combustibles-Producción",7
2013-11-01,"Litio",9
2013-11-01,"Metalíferos",54
2013-11-01,"Minerales no clasificados previamente",218
2013-11-01,"No metaliferos",94
2013-11-01,"Rocas de aplicación",378
2013-11-01,"Servicios mineros y actividades relacionadas",310
2013-12-01,"Combustibles-Producción",7
2013-12-01,"Litio",9
2013-12-01,"Metalíferos",52
2013-12-01,"Minerales no clasificados previamente",217
2013-12-01,"No metaliferos",96
2013-12-01,"Rocas de aplicación",380
2013-12-01,"Servicios mineros y actividades relacionadas",308
2014-01-01,"Combustibles-Producción",7
2014-01-01,"Litio",9
2014-01-01,"Metalíferos",48
2014-01-01,"Minerales no clasificados previamente",216
2014-01-01,"No metaliferos",95
2014-01-01,"Rocas de aplicación",376
2014-01-01,"Servicios mineros y actividades relacionadas",286
2014-02-01,"Combustibles-Producción",7
2014-02-01,"Litio",9
2014-02-01,"Metalíferos",49
2014-02-01,"Minerales no clasificados previamente",219
2014-02-01,"No metaliferos",94
2014-02-01,"Rocas de aplicación",377
2014-02-01,"Servicios mineros y actividades relacionadas",286
2014-03-01,"Combustibles-Producción",7
2014-03-01,"Litio",9
2014-03-01,"Metalíferos",48
2014-03-01,"Minerales no clasificados previamente",215
2014-03-01,"No metaliferos",96
2014-03-01,"Rocas de aplicación",375
2014-03-01,"Servicios mineros y actividades relacionadas",284
2014-04-01,"Combustibles-Producción",8
2014-04-01,"Litio",9
2014-04-01,"Metalíferos",47
2014-04-01,"Minerales no clasificados previamente",219
2014-04-01,"No metaliferos",97
2014-04-01,"Rocas de aplicación",377
2014-04-01,"Servicios mineros y actividades relacionadas",286
2014-05-01,"Combustibles-Producción",8
2014-05-01,"Litio",9
2014-05-01,"Metalíferos",46
2014-05-01,"Minerales no clasificados previamente",214
2014-05-01,"No metaliferos",96
2014-05-01,"Rocas de aplicación",373
2014-05-01,"Servicios mineros y actividades relacionadas",286
2014-06-01,"Combustibles-Producción",8
2014-06-01,"Litio",9
2014-06-01,"Metalíferos",47
2014-06-01,"Minerales no clasificados previamente",213
2014-06-01,"No metaliferos",94
2014-06-01,"Rocas de aplicación",377
2014-06-01,"Servicios mineros y actividades relacionadas",287
2014-07-01,"Combustibles-Producción",8
2014-07-01,"Litio",9
2014-07-01,"Metalíferos",47
2014-07-01,"Minerales no clasificados previamente",211
2014-07-01,"No metaliferos",92
2014-07-01,"Rocas de aplicación",373
2014-07-01,"Servicios mineros y actividades relacionadas",288
2014-08-01,"Combustibles-Producción",8
2014-08-01,"Litio",9
2014-08-01,"Metalíferos",46
2014-08-01,"Minerales no clasificados previamente",215
2014-08-01,"No metaliferos",90
2014-08-01,"Rocas de aplicación",371
2014-08-01,"Servicios mineros y actividades relacionadas",292
2014-09-01,"Combustibles-Producción",8
2014-09-01,"Litio",9
2014-09-01,"Metalíferos",46
2014-09-01,"Minerales no clasificados previamente",215
2014-09-01,"No metaliferos",88
2014-09-01,"Rocas de aplicación",372
2014-09-01,"Servicios mineros y actividades relacionadas",299
2014-10-01,"Combustibles-Producción",8
2014-10-01,"Litio",9
2014-10-01,"Metalíferos",46
2014-10-01,"Minerales no clasificados previamente",215
2014-10-01,"No metaliferos",88
2014-10-01,"Rocas de aplicación",371
2014-10-01,"Servicios mineros y actividades relacionadas",297
2014-11-01,"Combustibles-Producción",8
2014-11-01,"Litio",9
2014-11-01,"Metalíferos",47
2014-11-01,"Minerales no clasificados previamente",215
2014-11-01,"No metaliferos",89
2014-11-01,"Rocas de aplicación",373
2014-11-01,"Servicios mineros y actividades relacionadas",311
2014-12-01,"Combustibles-Producción",8
2014-12-01,"Litio",9
2014-12-01,"Metalíferos",47
2014-12-01,"Minerales no clasificados previamente",213
2014-12-01,"No metaliferos",91
2014-12-01,"Rocas de aplicación",374
2014-12-01,"Servicios mineros y actividades relacionadas",312
2015-01-01,"Combustibles-Producción",8
2015-01-01,"Litio",9
2015-01-01,"Metalíferos",46
2015-01-01,"Minerales no clasificados previamente",216
2015-01-01,"No metaliferos",90
2015-01-01,"Rocas de aplicación",372
2015-01-01,"Servicios mineros y actividades relacionadas",299
2015-02-01,"Combustibles-Producción",7
2015-02-01,"Litio",9
2015-02-01,"Metalíferos",47
2015-02-01,"Minerales no clasificados previamente",211
2015-02-01,"No metaliferos",90
2015-02-01,"Rocas de aplicación",370
2015-02-01,"Servicios mineros y actividades relacionadas",302
2015-03-01,"Combustibles-Producción",6
2015-03-01,"Litio",9
2015-03-01,"Metalíferos",47
2015-03-01,"Minerales no clasificados previamente",215
2015-03-01,"No metaliferos",90
2015-03-01,"Rocas de aplicación",373
2015-03-01,"Servicios mineros y actividades relacionadas",298
2015-04-01,"Combustibles-Producción",6
2015-04-01,"Litio",9
2015-04-01,"Metalíferos",47
2015-04-01,"Minerales no clasificados previamente",216
2015-04-01,"No metaliferos",87
2015-04-01,"Rocas de aplicación",371
2015-04-01,"Servicios mineros y actividades relacionadas",307
2015-05-01,"Combustibles-Producción",6
2015-05-01,"Litio",9
2015-05-01,"Metalíferos",48
2015-05-01,"Minerales no clasificados previamente",220
2015-05-01,"No metaliferos",87
2015-05-01,"Rocas de aplicación",370
2015-05-01,"Servicios mineros y actividades relacionadas",306
2015-06-01,"Combustibles-Producción",5
2015-06-01,"Litio",9
2015-06-01,"Metalíferos",47
2015-06-01,"Minerales no clasificados previamente",218
2015-06-01,"No metaliferos",86
2015-06-01,"Rocas de aplicación",366
2015-06-01,"Servicios mineros y actividades relacionadas",303
2015-07-01,"Combustibles-Producción",5
2015-07-01,"Litio",9
2015-07-01,"Metalíferos",47
2015-07-01,"Minerales no clasificados previamente",214
2015-07-01,"No metaliferos",83
2015-07-01,"Rocas de aplicación",365
2015-07-01,"Servicios mineros y actividades relacionadas",303
2015-08-01,"Combustibles-Producción",5
2015-08-01,"Litio",9
2015-08-01,"Metalíferos",48
2015-08-01,"Minerales no clasificados previamente",216
2015-08-01,"No metaliferos",84
2015-08-01,"Rocas de aplicación",366
2015-08-01,"Servicios mineros y actividades relacionadas",305
2015-09-01,"Combustibles-Producción",5
2015-09-01,"Litio",9
2015-09-01,"Metalíferos",49
2015-09-01,"Minerales no clasificados previamente",219
2015-09-01,"No metaliferos",85
2015-09-01,"Rocas de aplicación",363
2015-09-01,"Servicios mineros y actividades relacionadas",302
2015-10-01,"Combustibles-Producción",5
2015-10-01,"Litio",9
2015-10-01,"Metalíferos",49
2015-10-01,"Minerales no clasificados previamente",221
2015-10-01,"No metaliferos",85
2015-10-01,"Rocas de aplicación",368
2015-10-01,"Servicios mineros y actividades relacionadas",303
2015-11-01,"Combustibles-Producción",5
2015-11-01,"Litio",9
2015-11-01,"Metalíferos",49
2015-11-01,"Minerales no clasificados previamente",219
2015-11-01,"No metaliferos",86
2015-11-01,"Rocas de aplicación",371
2015-11-01,"Servicios mineros y actividades relacionadas",316
2015-12-01,"Combustibles-Producción",5
2015-12-01,"Litio",9
2015-12-01,"Metalíferos",49
2015-12-01,"Minerales no clasificados previamente",214
2015-12-01,"No metaliferos",87
2015-12-01,"Rocas de aplicación",371
2015-12-01,"Servicios mineros y actividades relacionadas",319
2016-01-01,"Combustibles-Producción",5
2016-01-01,"Litio",9
2016-01-01,"Metalíferos",47
2016-01-01,"Minerales no clasificados previamente",215
2016-01-01,"No metaliferos",88
2016-01-01,"Rocas de aplicación",366
2016-01-01,"Servicios mineros y actividades relacionadas",310
2016-02-01,"Combustibles-Producción",5
2016-02-01,"Litio",9
2016-02-01,"Metalíferos",47
2016-02-01,"Minerales no clasificados previamente",216
2016-02-01,"No metaliferos",89
2016-02-01,"Rocas de aplicación",365
2016-02-01,"Servicios mineros y actividades relacionadas",312
2016-03-01,"Combustibles-Producción",5
2016-03-01,"Litio",10
2016-03-01,"Metalíferos",47
2016-03-01,"Minerales no clasificados previamente",210
2016-03-01,"No metaliferos",89
2016-03-01,"Rocas de aplicación",366
2016-03-01,"Servicios mineros y actividades relacionadas",310
2016-04-01,"Combustibles-Producción",5
2016-04-01,"Litio",10
2016-04-01,"Metalíferos",46
2016-04-01,"Minerales no clasificados previamente",210
2016-04-01,"No metaliferos",87
2016-04-01,"Rocas de aplicación",363
2016-04-01,"Servicios mineros y actividades relacionadas",306
2016-05-01,"Combustibles-Producción",5
2016-05-01,"Litio",10
2016-05-01,"Metalíferos",46
2016-05-01,"Minerales no clasificados previamente",209
2016-05-01,"No metaliferos",88
2016-05-01,"Rocas de aplicación",363
2016-05-01,"Servicios mineros y actividades relacionadas",303
2016-06-01,"Combustibles-Producción",5
2016-06-01,"Litio",10
2016-06-01,"Metalíferos",46
2016-06-01,"Minerales no clasificados previamente",209
2016-06-01,"No metaliferos",89
2016-06-01,"Rocas de aplicación",368
2016-06-01,"Servicios mineros y actividades relacionadas",301
2016-07-01,"Combustibles-Producción",5
2016-07-01,"Litio",11
2016-07-01,"Metalíferos",46
2016-07-01,"Minerales no clasificados previamente",210
2016-07-01,"No metaliferos",89
2016-07-01,"Rocas de aplicación",367
2016-07-01,"Servicios mineros y actividades relacionadas",306
2016-08-01,"Combustibles-Producción",5
2016-08-01,"Litio",11
2016-08-01,"Metalíferos",44
2016-08-01,"Minerales no clasificados previamente",208
2016-08-01,"No metaliferos",88
2016-08-01,"Rocas de aplicación",368
2016-08-01,"Servicios mineros y actividades relacionadas",303
2016-09-01,"Combustibles-Producción",5
2016-09-01,"Litio",11
2016-09-01,"Metalíferos",45
2016-09-01,"Minerales no clasificados previamente",209
2016-09-01,"No metaliferos",89
2016-09-01,"Rocas de aplicación",371
2016-09-01,"Servicios mineros y actividades relacionadas",302
2016-10-01,"Combustibles-Producción",5
2016-10-01,"Litio",11
2016-10-01,"Metalíferos",44
2016-10-01,"Minerales no clasificados previamente",209
2016-10-01,"No metaliferos",91
2016-10-01,"Rocas de aplicación",370
2016-10-01,"Servicios mineros y actividades relacionadas",303
2016-11-01,"Combustibles-Producción",5
2016-11-01,"Litio",12
2016-11-01,"Metalíferos",46
2016-11-01,"Minerales no clasificados previamente",210
2016-11-01,"No metaliferos",91
2016-11-01,"Rocas de aplicación",369
2016-11-01,"Servicios mineros y actividades relacionadas",316
2016-12-01,"Combustibles-Producción",5
2016-12-01,"Litio",12
2016-12-01,"Metalíferos",47
2016-12-01,"Minerales no clasificados previamente",209
2016-12-01,"No metaliferos",91
2016-12-01,"Rocas de aplicación",369
2016-12-01,"Servicios mineros y actividades relacionadas",315
2017-01-01,"Combustibles-Producción",5
2017-01-01,"Litio",12
2017-01-01,"Metalíferos",48
2017-01-01,"Minerales no clasificados previamente",203
2017-01-01,"No metaliferos",91
2017-01-01,"Rocas de aplicación",371
2017-01-01,"Servicios mineros y actividades relacionadas",300
2017-02-01,"Combustibles-Producción",5
2017-02-01,"Litio",12
2017-02-01,"Metalíferos",50
2017-02-01,"Minerales no clasificados previamente",203
2017-02-01,"No metaliferos",90
2017-02-01,"Rocas de aplicación",370
2017-02-01,"Servicios mineros y actividades relacionadas",302
2017-03-01,"Combustibles-Producción",5
2017-03-01,"Litio",13
2017-03-01,"Metalíferos",49
2017-03-01,"Minerales no clasificados previamente",201
2017-03-01,"No metaliferos",91
2017-03-01,"Rocas de aplicación",371
2017-03-01,"Servicios mineros y actividades relacionadas",301
2017-04-01,"Combustibles-Producción",5
2017-04-01,"Litio",13
2017-04-01,"Metalíferos",50
2017-04-01,"Minerales no clasificados previamente",198
2017-04-01,"No metaliferos",88
2017-04-01,"Rocas de aplicación",374
2017-04-01,"Servicios mineros y actividades relacionadas",302
2017-05-01,"Combustibles-Producción",4
2017-05-01,"Litio",14
2017-05-01,"Metalíferos",51
2017-05-01,"Minerales no clasificados previamente",197
2017-05-01,"No metaliferos",87
2017-05-01,"Rocas de aplicación",372
2017-05-01,"Servicios mineros y actividades relacionadas",304
2017-06-01,"Combustibles-Producción",4
2017-06-01,"Litio",14
2017-06-01,"Metalíferos",52
2017-06-01,"Minerales no clasificados previamente",198
2017-06-01,"No metaliferos",87
2017-06-01,"Rocas de aplicación",371
2017-06-01,"Servicios mineros y actividades relacionadas",302
2017-07-01,"Combustibles-Producción",4
2017-07-01,"Litio",14
2017-07-01,"Metalíferos",52
2017-07-01,"Minerales no clasificados previamente",199
2017-07-01,"No metaliferos",87
2017-07-01,"Rocas de aplicación",370
2017-07-01,"Servicios mineros y actividades relacionadas",302
2017-08-01,"Combustibles-Producción",4
2017-08-01,"Litio",15
2017-08-01,"Metalíferos",52
2017-08-01,"Minerales no clasificados previamente",198
2017-08-01,"No metaliferos",87
2017-08-01,"Rocas de aplicación",372
2017-08-01,"Servicios mineros y actividades relacionadas",303
2017-09-01,"Combustibles-Producción",4
2017-09-01,"Litio",15
2017-09-01,"Metalíferos",52
2017-09-01,"Minerales no clasificados previamente",197
2017-09-01,"No metaliferos",87
2017-09-01,"Rocas de aplicación",368
2017-09-01,"Servicios mineros y actividades relacionadas",303
2017-10-01,"Combustibles-Producción",4
2017-10-01,"Litio",16
2017-10-01,"Metalíferos",53
2017-10-01,"Minerales no clasificados previamente",200
2017-10-01,"No metaliferos",87
2017-10-01,"Rocas de aplicación",370
2017-10-01,"Servicios mineros y actividades relacionadas",309
2017-11-01,"Combustibles-Producción",4
2017-11-01,"Litio",16
2017-11-01,"Metalíferos",53
2017-11-01,"Minerales no clasificados previamente",202
2017-11-01,"No metaliferos",88
2017-11-01,"Rocas de aplicación",371
2017-11-01,"Servicios mineros y actividades relacionadas",326
2017-12-01,"Combustibles-Producción",4
2017-12-01,"Litio",16
2017-12-01,"Metalíferos",53
2017-12-01,"Minerales no clasificados previamente",199
2017-12-01,"No metaliferos",88
2017-12-01,"Rocas de aplicación",365
2017-12-01,"Servicios mineros y actividades relacionadas",327
2018-01-01,"Combustibles-Producción",4
2018-01-01,"Litio",16
2018-01-01,"Metalíferos",53
2018-01-01,"Minerales no clasificados previamente",194
2018-01-01,"No metaliferos",88
2018-01-01,"Rocas de aplicación",362
2018-01-01,"Servicios mineros y actividades relacionadas",319
2018-02-01,"Combustibles-Producción",4
2018-02-01,"Litio",17
2018-02-01,"Metalíferos",52
2018-02-01,"Minerales no clasificados previamente",195
2018-02-01,"No metaliferos",88
2018-02-01,"Rocas de aplicación",362
2018-02-01,"Servicios mineros y actividades relacionadas",316
2018-03-01,"Combustibles-Producción",4
2018-03-01,"Litio",17
2018-03-01,"Metalíferos",53
2018-03-01,"Minerales no clasificados previamente",196
2018-03-01,"No metaliferos",88
2018-03-01,"Rocas de aplicación",362
2018-03-01,"Servicios mineros y actividades relacionadas",312
2018-04-01,"Combustibles-Producción",4
2018-04-01,"Litio",17
2018-04-01,"Metalíferos",54
2018-04-01,"Minerales no clasificados previamente",196
2018-04-01,"No metaliferos",86
2018-04-01,"Rocas de aplicación",358
2018-04-01,"Servicios mineros y actividades relacionadas",315
2018-05-01,"Combustibles-Producción",4
2018-05-01,"Litio",17
2018-05-01,"Metalíferos",55
2018-05-01,"Minerales no clasificados previamente",198
2018-05-01,"No metaliferos",87
2018-05-01,"Rocas de aplicación",360
2018-05-01,"Servicios mineros y actividades relacionadas",315
2018-06-01,"Combustibles-Producción",4
2018-06-01,"Litio",16
2018-06-01,"Metalíferos",55
2018-06-01,"Minerales no clasificados previamente",196
2018-06-01,"No metaliferos",88
2018-06-01,"Rocas de aplicación",362
2018-06-01,"Servicios mineros y actividades relacionadas",314
2018-07-01,"Combustibles-Producción",4
2018-07-01,"Litio",17
2018-07-01,"Metalíferos",54
2018-07-01,"Minerales no clasificados previamente",195
2018-07-01,"No metaliferos",88
2018-07-01,"Rocas de aplicación",363
2018-07-01,"Servicios mineros y actividades relacionadas",320
2018-08-01,"Combustibles-Producción",4
2018-08-01,"Litio",17
2018-08-01,"Metalíferos",54
2018-08-01,"Minerales no clasificados previamente",195
2018-08-01,"No metaliferos",89
2018-08-01,"Rocas de aplicación",361
2018-08-01,"Servicios mineros y actividades relacionadas",322
2018-09-01,"Combustibles-Producción",4
2018-09-01,"Litio",17
2018-09-01,"Metalíferos",54
2018-09-01,"Minerales no clasificados previamente",190
2018-09-01,"No metaliferos",90
2018-09-01,"Rocas de aplicación",365
2018-09-01,"Servicios mineros y actividades relacionadas",322
2018-10-01,"Combustibles-Producción",4
2018-10-01,"Litio",19
2018-10-01,"Metalíferos",54
2018-10-01,"Minerales no clasificados previamente",191
2018-10-01,"No metaliferos",91
2018-10-01,"Rocas de aplicación",366
2018-10-01,"Servicios mineros y actividades relacionadas",324
2018-11-01,"Combustibles-Producción",4
2018-11-01,"Litio",19
2018-11-01,"Metalíferos",53
2018-11-01,"Minerales no clasificados previamente",191
2018-11-01,"No metaliferos",90
2018-11-01,"Rocas de aplicación",368
2018-11-01,"Servicios mineros y actividades relacionadas",337
2018-12-01,"Combustibles-Producción",4
2018-12-01,"Litio",19
2018-12-01,"Metalíferos",53
2018-12-01,"Minerales no clasificados previamente",193
2018-12-01,"No metaliferos",90
2018-12-01,"Rocas de aplicación",367
2018-12-01,"Servicios mineros y actividades relacionadas",334
2019-01-01,"Combustibles-Producción",4
2019-01-01,"Litio",20
2019-01-01,"Metalíferos",54
2019-01-01,"Minerales no clasificados previamente",196
2019-01-01,"No metaliferos",88
2019-01-01,"Rocas de aplicación",361
2019-01-01,"Servicios mineros y actividades relacionadas",323
2019-02-01,"Combustibles-Producción",4
2019-02-01,"Litio",21
2019-02-01,"Metalíferos",53
2019-02-01,"Minerales no clasificados previamente",196
2019-02-01,"No metaliferos",87
2019-02-01,"Rocas de aplicación",358
2019-02-01,"Servicios mineros y actividades relacionadas",325
2019-03-01,"Combustibles-Producción",4
2019-03-01,"Litio",21
2019-03-01,"Metalíferos",53
2019-03-01,"Minerales no clasificados previamente",193
2019-03-01,"No metaliferos",88
2019-03-01,"Rocas de aplicación",356
2019-03-01,"Servicios mineros y actividades relacionadas",332
2019-04-01,"Combustibles-Producción",3
2019-04-01,"Litio",21
2019-04-01,"Metalíferos",53
2019-04-01,"Minerales no clasificados previamente",191
2019-04-01,"No metaliferos",88
2019-04-01,"Rocas de aplicación",353
2019-04-01,"Servicios mineros y actividades relacionadas",329
2019-05-01,"Combustibles-Producción",3
2019-05-01,"Litio",20
2019-05-01,"Metalíferos",53
2019-05-01,"Minerales no clasificados previamente",194
2019-05-01,"No metaliferos",88
2019-05-01,"Rocas de aplicación",357
2019-05-01,"Servicios mineros y actividades relacionadas",330
2019-06-01,"Combustibles-Producción",4
2019-06-01,"Litio",20
2019-06-01,"Metalíferos",53
2019-06-01,"Minerales no clasificados previamente",194
2019-06-01,"No metaliferos",87
2019-06-01,"Rocas de aplicación",354
2019-06-01,"Servicios mineros y actividades relacionadas",331
2019-07-01,"Combustibles-Producción",4
2019-07-01,"Litio",20
2019-07-01,"Metalíferos",53
2019-07-01,"Minerales no clasificados previamente",195
2019-07-01,"No metaliferos",85
2019-07-01,"Rocas de aplicación",355
2019-07-01,"Servicios mineros y actividades relacionadas",331
2019-08-01,"Combustibles-Producción",3
2019-08-01,"Litio",19
2019-08-01,"Metalíferos",54
2019-08-01,"Minerales no clasificados previamente",199
2019-08-01,"No metaliferos",85
2019-08-01,"Rocas de aplicación",352
2019-08-01,"Servicios mineros y actividades relacionadas",331
2019-09-01,"Combustibles-Producción",4
2019-09-01,"Litio",18
2019-09-01,"Metalíferos",56
2019-09-01,"Minerales no clasificados previamente",196
2019-09-01,"No metaliferos",85
2019-09-01,"Rocas de aplicación",353
2019-09-01,"Servicios mineros y actividades relacionadas",336
2019-10-01,"Combustibles-Producción",4
2019-10-01,"Litio",20
2019-10-01,"Metalíferos",56
2019-10-01,"Minerales no clasificados previamente",195
2019-10-01,"No metaliferos",85
2019-10-01,"Rocas de aplicación",354
2019-10-01,"Servicios mineros y actividades relacionadas",333
2019-11-01,"Combustibles-Producción",4
2019-11-01,"Litio",20
2019-11-01,"Metalíferos",56
2019-11-01,"Minerales no clasificados previamente",196
2019-11-01,"No metaliferos",85
2019-11-01,"Rocas de aplicación",358
2019-11-01,"Servicios mineros y actividades relacionadas",346
2019-12-01,"Combustibles-Producción",4
2019-12-01,"Litio",20
2019-12-01,"Metalíferos",56
2019-12-01,"Minerales no clasificados previamente",193
2019-12-01,"No metaliferos",85
2019-12-01,"Rocas de aplicación",358
2019-12-01,"Servicios mineros y actividades relacionadas",345
2020-01-01,"Combustibles-Producción",4
2020-01-01,"Litio",20
2020-01-01,"Metalíferos",55
2020-01-01,"Minerales no clasificados previamente",189
2020-01-01,"No metaliferos",85
2020-01-01,"Rocas de aplicación",353
2020-01-01,"Servicios mineros y actividades relacionadas",339
2020-02-01,"Combustibles-Producción",4
2020-02-01,"Litio",20
2020-02-01,"Metalíferos",55
2020-02-01,"Minerales no clasificados previamente",187
2020-02-01,"No metaliferos",86
2020-02-01,"Rocas de aplicación",354
2020-02-01,"Servicios mineros y actividades relacionadas",339
2020-03-01,"Combustibles-Producción",4
2020-03-01,"Litio",20
2020-03-01,"Metalíferos",52
2020-03-01,"Minerales no clasificados previamente",186
2020-03-01,"No metaliferos",86
2020-03-01,"Rocas de aplicación",357
2020-03-01,"Servicios mineros y actividades relacionadas",339
2020-04-01,"Combustibles-Producción",4
2020-04-01,"Litio",20
2020-04-01,"Metalíferos",52
2020-04-01,"Minerales no clasificados previamente",188
2020-04-01,"No metaliferos",86
2020-04-01,"Rocas de aplicación",355
2020-04-01,"Servicios mineros y actividades relacionadas",334
2020-05-01,"Combustibles-Producción",4
2020-05-01,"Litio",20
2020-05-01,"Metalíferos",52
2020-05-01,"Minerales no clasificados previamente",190
2020-05-01,"No metaliferos",86
2020-05-01,"Rocas de aplicación",354
2020-05-01,"Servicios mineros y actividades relacionadas",337
2020-06-01,"Combustibles-Producción",4
2020-06-01,"Litio",20
2020-06-01,"Metalíferos",51
2020-06-01,"Minerales no clasificados previamente",188
2020-06-01,"No metaliferos",85
2020-06-01,"Rocas de aplicación",352
2020-06-01,"Servicios mineros y actividades relacionadas",338
2020-07-01,"Combustibles-Producción",4
2020-07-01,"Litio",20
2020-07-01,"Metalíferos",51
2020-07-01,"Minerales no clasificados previamente",184
2020-07-01,"No metaliferos",84
2020-07-01,"Rocas de aplicación",349
2020-07-01,"Servicios mineros y actividades relacionadas",335
2020-08-01,"Combustibles-Producción",4
2020-08-01,"Litio",20
2020-08-01,"Metalíferos",51
2020-08-01,"Minerales no clasificados previamente",183
2020-08-01,"No metaliferos",84
2020-08-01,"Rocas de aplicación",349
2020-08-01,"Servicios mineros y actividades relacionadas",333
2020-09-01,"Combustibles-Producción",4
2020-09-01,"Litio",20
2020-09-01,"Metalíferos",51
2020-09-01,"Minerales no clasificados previamente",182
2020-09-01,"No metaliferos",84
2020-09-01,"Rocas de aplicación",346
2020-09-01,"Servicios mineros y actividades relacionadas",333
2020-10-01,"Combustibles-Producción",4
2020-10-01,"Litio",20
2020-10-01,"Metalíferos",51
2020-10-01,"Minerales no clasificados previamente",182
2020-10-01,"No metaliferos",84
2020-10-01,"Rocas de aplicación",349
2020-10-01,"Servicios mineros y actividades relacionadas",332
2020-11-01,"Combustibles-Producción",4
2020-11-01,"Litio",20
2020-11-01,"Metalíferos",51
2020-11-01,"Minerales no clasificados previamente",185
2020-11-01,"No metaliferos",84
2020-11-01,"Rocas de aplicación",353
2020-11-01,"Servicios mineros y actividades relacionadas",341
2020-12-01,"Combustibles-Producción",4
2020-12-01,"Litio",20
2020-12-01,"Metalíferos",51
2020-12-01,"Minerales no clasificados previamente",184
2020-12-01,"No metaliferos",83
2020-12-01,"Rocas de aplicación",354
2020-12-01,"Servicios mineros y actividades relacionadas",340
2021-01-01,"Combustibles-Producción",4
2021-01-01,"Litio",20
2021-01-01,"Metalíferos",51
2021-01-01,"Minerales no clasificados previamente",183
2021-01-01,"No metaliferos",83
2021-01-01,"Rocas de aplicación",350
2021-01-01,"Servicios mineros y actividades relacionadas",329
2021-02-01,"Combustibles-Producción",4
2021-02-01,"Litio",19
2021-02-01,"Metalíferos",51
2021-02-01,"Minerales no clasificados previamente",188
2021-02-01,"No metaliferos",84
2021-02-01,"Rocas de aplicación",347
2021-02-01,"Servicios mineros y actividades relacionadas",330
2021-03-01,"Combustibles-Producción",4
2021-03-01,"Litio",19
2021-03-01,"Metalíferos",51
2021-03-01,"Minerales no clasificados previamente",189
2021-03-01,"No metaliferos",84
2021-03-01,"Rocas de aplicación",350
2021-03-01,"Servicios mineros y actividades relacionadas",333
2021-04-01,"Combustibles-Producción",4
2021-04-01,"Litio",19
2021-04-01,"Metalíferos",51
2021-04-01,"Minerales no clasificados previamente",186
2021-04-01,"No metaliferos",84
2021-04-01,"Rocas de aplicación",352
2021-04-01,"Servicios mineros y actividades relacionadas",334
2021-05-01,"Combustibles-Producción",4
2021-05-01,"Litio",19
2021-05-01,"Metalíferos",51
2021-05-01,"Minerales no clasificados previamente",184
2021-05-01,"No metaliferos",83
2021-05-01,"Rocas de aplicación",353
2021-05-01,"Servicios mineros y actividades relacionadas",337
2021-06-01,"Combustibles-Producción",4
2021-06-01,"Litio",19
2021-06-01,"Metalíferos",51
2021-06-01,"Minerales no clasificados previamente",183
2021-06-01,"No metaliferos",85
2021-06-01,"Rocas de aplicación",354
2021-06-01,"Servicios mineros y actividades relacionadas",336
2021-07-01,"Combustibles-Producción",4
2021-07-01,"Litio",20
2021-07-01,"Metalíferos",51
2021-07-01,"Minerales no clasificados previamente",182
2021-07-01,"No metaliferos",84
2021-07-01,"Rocas de aplicación",356
2021-07-01,"Servicios mineros y actividades relacionadas",336
2021-08-01,"Combustibles-Producción",4
2021-08-01,"Litio",20
2021-08-01,"Metalíferos",52
2021-08-01,"Minerales no clasificados previamente",183
2021-08-01,"No metaliferos",83
2021-08-01,"Rocas de aplicación",358
2021-08-01,"Servicios mineros y actividades relacionadas",341
2021-09-01,"Combustibles-Producción",4
2021-09-01,"Litio",20
2021-09-01,"Metalíferos",53
2021-09-01,"Minerales no clasificados previamente",187
2021-09-01,"No metaliferos",82
2021-09-01,"Rocas de aplicación",361
2021-09-01,"Servicios mineros y actividades relacionadas",338
2021-10-01,"Combustibles-Producción",4
2021-10-01,"Litio",20
2021-10-01,"Metalíferos",55
2021-10-01,"Minerales no clasificados previamente",192
2021-10-01,"No metaliferos",81
2021-10-01,"Rocas de aplicación",361
2021-10-01,"Servicios mineros y actividades relacionadas",341
2021-11-01,"Combustibles-Producción",4
2021-11-01,"Litio",20
2021-11-01,"Metalíferos",56
2021-11-01,"Minerales no clasificados previamente",193
2021-11-01,"No metaliferos",82
2021-11-01,"Rocas de aplicación",366
2021-11-01,"Servicios mineros y actividades relacionadas",358
2021-12-01,"Combustibles-Producción",4
2021-12-01,"Litio",20
2021-12-01,"Metalíferos",57
2021-12-01,"Minerales no clasificados previamente",191
2021-12-01,"No metaliferos",83
2021-12-01,"Rocas de aplicación",365
2021-12-01,"Servicios mineros y actividades relacionadas",357
2022-01-01,"Combustibles-Producción",4
2022-01-01,"Litio",20
2022-01-01,"Metalíferos",57
2022-01-01,"Minerales no clasificados previamente",190
2022-01-01,"No metaliferos",84
2022-01-01,"Rocas de aplicación",363
2022-01-01,"Servicios mineros y actividades relacionadas",346
2022-02-01,"Combustibles-Producción",4
2022-02-01,"Litio",20
2022-02-01,"Metalíferos",58
2022-02-01,"Minerales no clasificados previamente",188
2022-02-01,"No metaliferos",82
2022-02-01,"Rocas de aplicación",363
2022-02-01,"Servicios mineros y actividades relacionadas",348
2022-03-01,"Combustibles-Producción",3
2022-03-01,"Litio",21
2022-03-01,"Metalíferos",58
2022-03-01,"Minerales no clasificados previamente",187
2022-03-01,"No metaliferos",86
2022-03-01,"Rocas de aplicación",365
2022-03-01,"Servicios mineros y actividades relacionadas",348
2022-04-01,"Combustibles-Producción",3
2022-04-01,"Litio",22
2022-04-01,"Metalíferos",60
2022-04-01,"Minerales no clasificados previamente",188
2022-04-01,"No metaliferos",84
2022-04-01,"Rocas de aplicación",364
2022-04-01,"Servicios mineros y actividades relacionadas",347
2022-05-01,"Combustibles-Producción",3
2022-05-01,"Litio",22
2022-05-01,"Metalíferos",62
2022-05-01,"Minerales no clasificados previamente",192
2022-05-01,"No metaliferos",83
2022-05-01,"Rocas de aplicación",369
2022-05-01,"Servicios mineros y actividades relacionadas",347
2022-06-01,"Combustibles-Producción",3
2022-06-01,"Litio",22
2022-06-01,"Metalíferos",62
2022-06-01,"Minerales no clasificados previamente",193
2022-06-01,"No metaliferos",85
2022-06-01,"Rocas de aplicación",372
2022-06-01,"Servicios mineros y actividades relacionadas",346
2022-07-01,"Combustibles-Producción",3
2022-07-01,"Litio",22
2022-07-01,"Metalíferos",62
2022-07-01,"Minerales no clasificados previamente",193
2022-07-01,"No metaliferos",86
2022-07-01,"Rocas de aplicación",370
2022-07-01,"Servicios mineros y actividades relacionadas",343
2022-08-01,"Combustibles-Producción",3
2022-08-01,"Litio",23
2022-08-01,"Metalíferos",61
2022-08-01,"Minerales no clasificados previamente",198
2022-08-01,"No metaliferos",86
2022-08-01,"Rocas de aplicación",372
2022-08-01,"Servicios mineros y actividades relacionadas",351
2022-09-01,"Combustibles-Producción",3
2022-09-01,"Litio",23
2022-09-01,"Metalíferos",61
2022-09-01,"Minerales no clasificados previamente",198
2022-09-01,"No metaliferos",85
2022-09-01,"Rocas de aplicación",375
2022-09-01,"Servicios mineros y actividades relacionadas",354
2022-10-01,"Combustibles-Producción",3
2022-10-01,"Litio",24
2022-10-01,"Metalíferos",62
2022-10-01,"Minerales no clasificados previamente",192
2022-10-01,"No metaliferos",87
2022-10-01,"Rocas de aplicación",377
2022-10-01,"Servicios mineros y actividades relacionadas",349
2022-11-01,"Combustibles-Producción",3
2022-11-01,"Litio",24
2022-11-01,"Metalíferos",62
2022-11-01,"Minerales no clasificados previamente",191
2022-11-01,"No metaliferos",89
2022-11-01,"Rocas de aplicación",376
2022-11-01,"Servicios mineros y actividades relacionadas",354
2022-12-01,"Combustibles-Producción",3
2022-12-01,"Litio",24
2022-12-01,"Metalíferos",62
2022-12-01,"Minerales no clasificados previamente",196
2022-12-01,"No metaliferos",89
2022-12-01,"Rocas de aplicación",374
2022-12-01,"Servicios mineros y actividades relacionadas",348
2023-01-01,"Combustibles-Producción",3
2023-01-01,"Litio",24
2023-01-01,"Metalíferos",63
2023-01-01,"Minerales no clasificados previamente",197
2023-01-01,"No metaliferos",88
2023-01-01,"Rocas de aplicación",370
2023-01-01,"Servicios mineros y actividades relacionadas",346
2023-02-01,"Combustibles-Producción",3
2023-02-01,"Litio",24
2023-02-01,"Metalíferos",63
2023-02-01,"Minerales no clasificados previamente",199
2023-02-01,"No metaliferos",87
2023-02-01,"Rocas de aplicación",373
2023-02-01,"Servicios mineros y actividades relacionadas",348
2023-03-01,"Combustibles-Producción",3
2023-03-01,"Litio",24
2023-03-01,"Metalíferos",63
2023-03-01,"Minerales no clasificados previamente",201
2023-03-01,"No metaliferos",86
2023-03-01,"Rocas de aplicación",373
2023-03-01,"Servicios mineros y actividades relacionadas",352
2023-04-01,"Combustibles-Producción",3
2023-04-01,"Litio",24
2023-04-01,"Metalíferos",62
2023-04-01,"Minerales no clasificados previamente",200
2023-04-01,"No metaliferos",87
2023-04-01,"Rocas de aplicación",371
2023-04-01,"Servicios mineros y actividades relacionadas",353
2023-05-01,"Combustibles-Producción",3
2023-05-01,"Litio",23
2023-05-01,"Metalíferos",62
2023-05-01,"Minerales no clasificados previamente",200
2023-05-01,"No metaliferos",87
2023-05-01,"Rocas de aplicación",372
2023-05-01,"Servicios mineros y actividades relacionadas",359
2023-06-01,"Combustibles-Producción",3
2023-06-01,"Litio",23
2023-06-01,"Metalíferos",62
2023-06-01,"Minerales no clasificados previamente",205
2023-06-01,"No metaliferos",87
2023-06-01,"Rocas de aplicación",374
2023-06-01,"Servicios mineros y actividades relacionadas",360
2023-07-01,"Combustibles-Producción",3
2023-07-01,"Litio",23
2023-07-01,"Metalíferos",61
2023-07-01,"Minerales no clasificados previamente",206
2023-07-01,"No metaliferos",87
2023-07-01,"Rocas de aplicación",373
2023-07-01,"Servicios mineros y actividades relacionadas",361
2023-08-01,"Combustibles-Producción",3
2023-08-01,"Litio",23
2023-08-01,"Metalíferos",62
2023-08-01,"Minerales no clasificados previamente",205
2023-08-01,"No metaliferos",87
2023-08-01,"Rocas de aplicación",376
2023-08-01,"Servicios mineros y actividades relacionadas",363
2023-09-01,"Combustibles-Producción",3
2023-09-01,"Litio",23
2023-09-01,"Metalíferos",63
2023-09-01,"Minerales no clasificados previamente",206
2023-09-01,"No metaliferos",87
2023-09-01,"Rocas de aplicación",377
2023-09-01,"Servicios mineros y actividades relacionadas",368
2023-10-01,"Combustibles-Producción",3
2023-10-01,"Litio",23
2023-10-01,"Metalíferos",62
2023-10-01,"Minerales no clasificados previamente",208
2023-10-01,"No metaliferos",88
2023-10-01,"Rocas de aplicación",378
2023-10-01,"Servicios mineros y actividades relacionadas",375
2023-11-01,"Combustibles-Producción",3
2023-11-01,"Litio",23
2023-11-01,"Metalíferos",62
2023-11-01,"Minerales no clasificados previamente",208
2023-11-01,"No metaliferos",88
2023-11-01,"Rocas de aplicación",381
2023-11-01,"Servicios mineros y actividades relacionadas",373
2023-12-01,"Combustibles-Producción",3
2023-12-01,"Litio",23
2023-12-01,"Metalíferos",62
2023-12-01,"Minerales no clasificados previamente",204
2023-12-01,"No metaliferos",86
2023-12-01,"Rocas de aplicación",372
2023-12-01,"Servicios mineros y actividades relacionadas",366
2024-01-01,"Combustibles-Producción",3
2024-01-01,"Litio",23
2024-01-01,"Metalíferos",62
2024-01-01,"Minerales no clasificados previamente",200
2024-01-01,"No metaliferos",87
2024-01-01,"Rocas de aplicación",369
2024-01-01,"Servicios mineros y actividades relacionadas",366
2024-02-01,"Combustibles-Producción",3
2024-02-01,"Litio",24
2024-02-01,"Metalíferos",62
2024-02-01,"Minerales no clasificados previamente",196
2024-02-01,"No metaliferos",86
2024-02-01,"Rocas de aplicación",369
2024-02-01,"Servicios mineros y actividades relacionadas",370
2024-03-01,"Combustibles-Producción",3
2024-03-01,"Litio",24
2024-03-01,"Metalíferos",63
2024-03-01,"Minerales no clasificados previamente",196
2024-03-01,"No metaliferos",86
2024-03-01,"Rocas de aplicación",367
2024-03-01,"Servicios mineros y actividades relacionadas",373
2024-04-01,"Combustibles-Producción",3
2024-04-01,"Litio",24
2024-04-01,"Metalíferos",63
2024-04-01,"Minerales no clasificados previamente",195
2024-04-01,"No metaliferos",87
2024-04-01,"Rocas de aplicación",368
2024-04-01,"Servicios mineros y actividades relacionadas",368
2024-05-01,"Combustibles-Producción",3
2024-05-01,"Litio",24
2024-05-01,"Metalíferos",61
2024-05-01,"Minerales no clasificados previamente",193
2024-05-01,"No metaliferos",88
2024-05-01,"Rocas de aplicación",364
2024-05-01,"Servicios mineros y actividades relacionadas",364
2024-06-01,"Combustibles-Producción",3
2024-06-01,"Litio",24
2024-06-01,"Metalíferos",61
2024-06-01,"Minerales no clasificados previamente",195
2024-06-01,"No metaliferos",87
2024-06-01,"Rocas de aplicación",361
2024-06-01,"Servicios mineros y actividades relacionadas",364
2024-07-01,"Combustibles-Producción",3
2024-07-01,"Litio",24
2024-07-01,"Metalíferos",60
2024-07-01,"Minerales no clasificados previamente",194
2024-07-01,"No metaliferos",86
2024-07-01,"Rocas de aplicación",357
2024-07-01,"Servicios mineros y actividades relacionadas",367
2024-08-01,"Combustibles-Producción",3
2024-08-01,"Litio",24
2024-08-01,"Metalíferos",59
2024-08-01,"Minerales no clasificados previamente",195
2024-08-01,"No metaliferos",86
2024-08-01,"Rocas de aplicación",355
2024-08-01,"Servicios mineros y actividades relacionadas",366
2024-09-01,"Combustibles-Producción",3
2024-09-01,"Litio",24
2024-09-01,"Metalíferos",59
2024-09-01,"Minerales no clasificados previamente",193
2024-09-01,"No metaliferos",87
2024-09-01,"Rocas de aplicación",353
2024-09-01,"Servicios mineros y actividades relacionadas",361
2024-10-01,"Combustibles-Producción",3
2024-10-01,"Litio",24
2024-10-01,"Metalíferos",60
2024-10-01,"Minerales no clasificados previamente",193
2024-10-01,"No metaliferos",89
2024-10-01,"Rocas de aplicación",351
2024-10-01,"Servicios mineros y actividades relacionadas",362
2024-11-01,"Combustibles-Producción",3
2024-11-01,"Litio",24
2024-11-01,"Metalíferos",62
2024-11-01,"Minerales no clasificados previamente",192
2024-11-01,"No metaliferos",88
2024-11-01,"Rocas de aplicación",350
2024-11-01,"Servicios mineros y actividades relacionadas",357
2024-12-01,"Combustibles-Producción",3
2024-12-01,"Litio",24
2024-12-01,"Metalíferos",63
2024-12-01,"Minerales no clasificados previamente",190
2024-12-01,"No metaliferos",88
2024-12-01,"Rocas de aplicación",345
2024-12-01,"Servicios mineros y actividades relacionadas",350
2025-01-01,"Combustibles-Producción",3
2025-01-01,"Litio",24
2025-01-01,"Metalíferos",63
2025-01-01,"Minerales no clasificados previamente",187
2025-01-01,"No metaliferos",88
2025-01-01,"Rocas de aplicación",343
2025-01-01,"Servicios mineros y actividades relacionadas",345
2025-02-01,"Combustibles-Producción",3
2025-02-01,"Litio",25
2025-02-01,"Metalíferos",64
2025-02-01,"Minerales no clasificados previamente",186
2025-02-01,"No metaliferos",88
2025-02-01,"Rocas de aplicación",342
2025-02-01,"Servicios mineros y actividades relacionadas",347
2025-03-01,"Combustibles-Producción",3
2025-03-01,"Litio",25
2025-03-01,"Metalíferos",62
2025-03-01,"Minerales no clasificados previamente",183
2025-03-01,"No metaliferos",89
2025-03-01,"Rocas de aplicación",343
2025-03-01,"Servicios mineros y actividades relacionadas",344
2025-04-01,"Combustibles-Producción",3
2025-04-01,"Litio",24
2025-04-01,"Metalíferos",61
2025-04-01,"Minerales no clasificados previamente",183
2025-04-01,"No metaliferos",90
2025-04-01,"Rocas de aplicación",342
2025-04-01,"Servicios mineros y actividades relacionadas",341
2025-05-01,"Combustibles-Producción",3
2025-05-01,"Litio",24
2025-05-01,"Metalíferos",61
2025-05-01,"Minerales no clasificados previamente",181
2025-05-01,"No metaliferos",90
2025-05-01,"Rocas de aplicación",343
2025-05-01,"Servicios mineros y actividades relacionadas",340
2025-06-01,"Combustibles-Producción",3
2025-06-01,"Litio",24
2025-06-01,"Metalíferos",59
2025-06-01,"Minerales no clasificados previamente",180
2025-06-01,"No metaliferos",91
2025-06-01,"Rocas de aplicación",339
2025-06-01,"Servicios mineros y actividades relacionadas",337
2025-07-01,"Combustibles-Producción",3
2025-07-01,"Litio",24
2025-07-01,"Metalíferos",59
2025-07-01,"Minerales no clasificados previamente",179
2025-07-01,"No metaliferos",91
2025-07-01,"Rocas de aplicación",335
2025-07-01,"Servicios mineros y actividades relacionadas",333
2025-08-01,"Combustibles-Producción",3
2025-08-01,"Litio",24
2025-08-01,"Metalíferos",59
2025-08-01,"Minerales no clasificados previamente",177
2025-08-01,"No metaliferos",89
2025-08-01,"Rocas de aplicación",336
2025-08-01,"Servicios mineros y actividades relacionadas",331
2025-09-01,"Combustibles-Producción",3
2025-09-01,"Litio",24
2025-09-01,"Metalíferos",59
2025-09-01,"Minerales no clasificados previamente",175
2025-09-01,"No metaliferos",89
2025-09-01,"Rocas de aplicación",336
2025-09-01,"Servicios mineros y actividades relacionadas",333
2025-10-01,"Combustibles-Producción",3
2025-10-01,"Litio",24
2025-10-01,"Metalíferos",60
2025-10-01,"Minerales no clasificados previamente",169
2025-10-01,"No metaliferos",89
2025-10-01,"Rocas de aplicación",333
2025-10-01,"Servicios mineros y actividades relacionadas",333
2025-11-01,"Combustibles-Producción",3
2025-11-01,"Litio",24
2025-11-01,"Metalíferos",60
2025-11-01,"Minerales no clasificados previamente",171
2025-11-01,"No metaliferos",88
2025-11-01,"Rocas de aplicación",333
2025-11-01,"Servicios mineros y actividades relacionadas",329
2025-12-01,"Combustibles-Producción",3
2025-12-01,"Litio",24
2025-12-01,"Metalíferos",60
2025-12-01,"Minerales no clasificados previamente",169
2025-12-01,"No metaliferos",86
2025-12-01,"Rocas de aplicación",334
2025-12-01,"Servicios mineros y actividades relacionadas",329
2026-01-01,"Combustibles-Producción",3
2026-01-01,"Litio",24
2026-01-01,"Metalíferos",59
2026-01-01,"Minerales no clasificados previamente",167
2026-01-01,"No metaliferos",87
2026-01-01,"Rocas de aplicación",328
2026-01-01,"Servicios mineros y actividades relacionadas",330
